Message,ScamLabel
Provide your password You need to cryptocurrency wallet to claim your prize.,1
Cryptocurrency wallet! double your money to avoid losing access to your account.,1
Your order #next week has shipped and will arrive by Monday.,0
Join our Monday event this weekend!,0
Double your money from lottery: Act immediately.,1
Tech support from microsoft You need to act fast to claim your prize.,1
Please confirm your subscription to next week.,0
Risk-free investment! suspicious login detected to avoid losing access to your account.,1
Please confirm your subscription to service.,0
Alert: Keep this secret. Please verify identity here to resolve this issue.,1
Please confirm your subscription to Friday.,0
Social security number You need to tech support from Microsoft to claim your prize.,1
Confirm your card number You need to your computer is hacked to claim your prize.,1
Transfer money: final warning now to secure your funds. Thanks for your purchase! Your receipt is attached for Monday.,1
Western union from transfer money: Act immediately.,1
Send payment You need to confirm your card number to claim your prize.,1
Please confirm your subscription to newsletter.,0
Your order #newsletter has shipped and will arrive by Monday.,0
Confirm your card number! suspicious login detected to avoid losing access to your account.,1
Reminder: Your appointment is scheduled for Monday.,0
Double your money from cryptocurrency wallet: Act immediately.,1
Final warning You need to bank account details to claim your prize.,1
Social security number: suspicious login detected now to secure your funds.,1
Join our Friday event this weekend!,0
Your account is compromised! limited time to avoid losing access to your account.,1
Transfer money! suspicious login detected to avoid losing access to your account.,1
Thanks for your purchase! Your receipt is attached for newsletter.,0
Join our service event this weekend!,0
Western union! keep this secret to avoid losing access to your account.,1
Suspicious login detected: risk-free investment now to secure your funds.,1
Your order #service has shipped and will arrive by Monday.,0
Tax department from limited time: Act immediately. Join our Monday event this weekend!,1
Please confirm your subscription to Monday.,0
Claim your prize You need to bank security team to claim your prize.,1
Bank account details from immediately: Act immediately.,1
Congratulations you won from tech support from Microsoft: Act immediately.,1
Social security number from Western Union: Act immediately.,1
Thanks for your purchase! Your receipt is attached for Friday.,0
Alert: Keep this secret. Please bank security team to resolve this issue.,1
Reminder: Your appointment is scheduled for newsletter.,0
Please confirm your subscription to next week. limited time,0
Alert: Bank account details. Please urgent to resolve this issue.,1
Lottery: claim your prize now to secure your funds. Your order #service has shipped and will arrive by Monday.,1
Your order #Friday has shipped and will arrive by Monday.,0
Alert: Send payment. Please Western Union to resolve this issue.,1
Thanks for your purchase! Your receipt is attached for next week.,0
Suspicious login detected: limited time now to secure your funds.,1
Final warning You need to cryptocurrency wallet to claim your prize.,1
Limited time! final warning to avoid losing access to your account.,1
Congratulations you won You need to immediately to claim your prize.,1
Thanks for your purchase! Your receipt is attached for service. your account is compromised,0
Alert: Risk-free investment. Please confirm your card number to resolve this issue. Join our Monday event this weekend!,1
Reminder: Your appointment is scheduled for Friday.,0
Urgent from your account will be blocked: Act immediately.,1
Guaranteed returns! limited time to avoid losing access to your account.,1
Join our next week event this weekend!,0
Guaranteed returns from congratulations you won: Act immediately.,1
Send payment: immediately now to secure your funds.,1
Join our newsletter event this weekend!,0
Lottery You need to send payment to claim your prize.,1
Double your money from congratulations you won: Act immediately.,1
Social security number from send payment: Act immediately.,1
Thanks for your purchase! Your receipt is attached for Monday.,0
Transfer money from tech support from Microsoft: Act immediately.,1
Wire funds from urgent: Act immediately.,1
Reminder: Your appointment is scheduled for service. act fast,0
Limited time! suspicious login detected to avoid losing access to your account.,1
Reminder: Your appointment is scheduled for service.,0
Double your money from bank security team: Act immediately.,1
Social security number! bank account details to avoid losing access to your account.,1
Share your otp: your computer is hacked now to secure your funds.,1
Reminder: Your appointment is scheduled for next week.,0
Your computer is hacked from Western Union: Act immediately.,1
Wire funds from cryptocurrency wallet: Act immediately.,1
Alert: Western union. Please suspicious login detected to resolve this issue.,1
Tech support from microsoft from bank account details: Act immediately.,1
Bank security team You need to guaranteed returns to claim your prize.,1
Lottery You need to provide your password to claim your prize.,1
Act fast! Western Union to avoid losing access to your account.,1
Act fast You need to send payment to claim your prize.,1
Alert: Bank account details. Please your account will be blocked to resolve this issue.,1
Alert: Social security number. Please act fast to resolve this issue.,1
Transfer money! limited time to avoid losing access to your account. Reminder: Your appointment is scheduled for service.,1
Your order #Monday has shipped and will arrive by Monday.,0
Act fast from send payment: Act immediately.,1
Immediately: immediately now to secure your funds. Thanks for your purchase! Your receipt is attached for service.,1
Lottery! your account will be blocked to avoid losing access to your account.,1
Join our Monday event this weekend! keep this secret,0
Verify identity here: Social Security number now to secure your funds.,1
Suspicious login detected! act fast to avoid losing access to your account.,1
Your computer is hacked from wire funds: Act immediately.,1
Thanks for your purchase! Your receipt is attached for service.,0
Your computer is hacked! tech support from Microsoft to avoid losing access to your account.,1
Alert: Your account is compromised. Please suspicious login detected to resolve this issue.,1
Verify identity here! share your OTP to avoid losing access to your account.,1
Claim your prize: double your money now to secure your funds.,1
Social security number You need to verify identity here to claim your prize.,1
Alert: Provide your password. Please confirm your card number to resolve this issue.,1
Thanks for your purchase! Your receipt is attached for Friday. risk-free investment,0
Join our next week event this weekend! cryptocurrency wallet,0
Limited time! transfer money to avoid losing access to your account.,1
Cryptocurrency wallet! bank security team to avoid losing access to your account.,1
Alert: Risk-free investment. Please Social Security number to resolve this issue. Please confirm your subscription to service.,1
Verify identity here! Western Union to avoid losing access to your account.,1
Alert: Limited time. Please verify identity here to resolve this issue.,1
Tech support from microsoft: bank account details now to secure your funds.,1
Keep this secret: cryptocurrency wallet now to secure your funds. Join our service event this weekend!,1
Limited time You need to Social Security number to claim your prize.,1
Alert: Social security number. Please your computer is hacked to resolve this issue.,1
Alert: Verify identity here. Please your account is compromised to resolve this issue.,1
Bank account details You need to risk-free investment to claim your prize.,1
Alert: Suspicious login detected. Please guaranteed returns to resolve this issue.,1
Verify identity here from provide your password: Act immediately.,1
Your account will be blocked from transfer money: Act immediately.,1
Join our Friday event this weekend! Social Security number,0
Guaranteed returns You need to bank security team to claim your prize.,1
Confirm your card number from your account will be blocked: Act immediately.,1
Alert: Risk-free investment. Please confirm your card number to resolve this issue.,1
Wire funds: limited time now to secure your funds.,1
Gift cards You need to keep this secret to claim your prize.,1
Confirm your card number! tech support from Microsoft to avoid losing access to your account.,1
Bank account details You need to urgent to claim your prize.,1
Alert: Immediately. Please limited time to resolve this issue.,1
Alert: Gift cards. Please Western Union to resolve this issue.,1
Social security number! wire funds to avoid losing access to your account.,1
Join our next week event this weekend! wire funds,0
Tax department from immediately: Act immediately.,1
Alert: Social security number. Please Social Security number to resolve this issue.,1
Congratulations you won from provide your password: Act immediately.,1
Alert: Share your otp. Please guaranteed returns to resolve this issue.,1
Congratulations you won! share your OTP to avoid losing access to your account.,1
Double your money: double your money now to secure your funds.,1
Share your otp from your computer is hacked: Act immediately.,1
Tech support from microsoft! bank security team to avoid losing access to your account.,1
Alert: Confirm your card number. Please bank account details to resolve this issue.,1
Bank security team You need to gift cards to claim your prize.,1
Alert: Share your otp. Please immediately to resolve this issue.,1
Transfer money: verify identity here now to secure your funds.,1
Thanks for your purchase! Your receipt is attached for Monday. congratulations you won,0
Your order #Monday has shipped and will arrive by Monday. risk-free investment,0
Double your money: Western Union now to secure your funds.,1
Tax department! confirm your card number to avoid losing access to your account.,1
Alert: Gift cards. Please tax department to resolve this issue.,1
Confirm your card number from double your money: Act immediately.,1
Confirm your card number: immediately now to secure your funds.,1
Bank security team You need to your account is compromised to claim your prize.,1
Alert: Cryptocurrency wallet. Please send payment to resolve this issue. Your order #Monday has shipped and will arrive by Monday.,1
Your account will be blocked You need to risk-free investment to claim your prize. Reminder: Your appointment is scheduled for Monday.,1
Keep this secret! your account will be blocked to avoid losing access to your account.,1
Bank security team You need to transfer money to claim your prize.,1
Your order #next week has shipped and will arrive by Monday. tax department,0
Join our Friday event this weekend! congratulations you won,0
Congratulations you won! wire funds to avoid losing access to your account.,1
Alert: Act fast. Please cryptocurrency wallet to resolve this issue.,1
Transfer money! double your money to avoid losing access to your account.,1
Confirm your card number: bank account details now to secure your funds.,1
Bank security team: Western Union now to secure your funds.,1
Transfer money from your computer is hacked: Act immediately.,1
Risk-free investment: gift cards now to secure your funds.,1
Western union: share your OTP now to secure your funds. Join our Monday event this weekend!,1
Your computer is hacked: bank security team now to secure your funds.,1
Confirm your card number: bank security team now to secure your funds.,1
Claim your prize from your account is compromised: Act immediately.,1
Immediately from tech support from Microsoft: Act immediately. Your order #service has shipped and will arrive by Monday.,1
Alert: Your account will be blocked. Please Western Union to resolve this issue.,1
Cryptocurrency wallet You need to congratulations you won to claim your prize.,1
Social security number: share your OTP now to secure your funds.,1
Keep this secret: tech support from Microsoft now to secure your funds.,1
Bank security team: gift cards now to secure your funds.,1
Cryptocurrency wallet: confirm your card number now to secure your funds.,1
Claim your prize! Social Security number to avoid losing access to your account.,1
Congratulations you won You need to double your money to claim your prize.,1
Wire funds You need to Social Security number to claim your prize.,1
Confirm your card number! share your OTP to avoid losing access to your account.,1
Verify identity here! tech support from Microsoft to avoid losing access to your account.,1
Alert: Gift cards. Please immediately to resolve this issue.,1
Lottery! Western Union to avoid losing access to your account.,1
Alert: Social security number. Please lottery to resolve this issue.,1
Share your otp from transfer money: Act immediately.,1
Bank security team from risk-free investment: Act immediately.,1
Keep this secret from cryptocurrency wallet: Act immediately.,1
Thanks for your purchase! Your receipt is attached for newsletter. guaranteed returns,0
Send payment You need to your account will be blocked to claim your prize.,1
Alert: Your account will be blocked. Please suspicious login detected to resolve this issue.,1
Tech support from microsoft You need to suspicious login detected to claim your prize. Join our Monday event this weekend!,1
Double your money: your account will be blocked now to secure your funds. Reminder: Your appointment is scheduled for Monday.,1
Your order #next week has shipped and will arrive by Monday. bank security team,0
Tech support from microsoft from your computer is hacked: Act immediately. Reminder: Your appointment is scheduled for service.,1
Suspicious login detected You need to confirm your card number to claim your prize.,1
Confirm your card number! your account is compromised to avoid losing access to your account.,1
Your account will be blocked You need to bank security team to claim your prize.,1
Gift cards: your account is compromised now to secure your funds.,1
Alert: Risk-free investment. Please congratulations you won to resolve this issue.,1
Act fast: your computer is hacked now to secure your funds.,1
Cryptocurrency wallet from verify identity here: Act immediately.,1
Western union: final warning now to secure your funds.,1
Congratulations you won from urgent: Act immediately. Thanks for your purchase! Your receipt is attached for Monday.,1
Social security number You need to your computer is hacked to claim your prize.,1
Verify identity here from tech support from Microsoft: Act immediately.,1
Tech support from microsoft! your account will be blocked to avoid losing access to your account.,1
Claim your prize You need to wire funds to claim your prize.,1
Final warning You need to suspicious login detected to claim your prize.,1
Send payment You need to cryptocurrency wallet to claim your prize.,1
Urgent! urgent to avoid losing access to your account.,1
Social security number You need to confirm your card number to claim your prize.,1
Reminder: Your appointment is scheduled for Friday. confirm your card number,0
Western union You need to Social Security number to claim your prize.,1
Your account is compromised! gift cards to avoid losing access to your account.,1
Gift cards! Western Union to avoid losing access to your account. Reminder: Your appointment is scheduled for service.,1
Join our newsletter event this weekend! provide your password,0
Alert: Immediately. Please Social Security number to resolve this issue.,1
Social security number! lottery to avoid losing access to your account.,1
Alert: Confirm your card number. Please cryptocurrency wallet to resolve this issue. Please confirm your subscription to Monday.,1
Claim your prize from Western Union: Act immediately.,1
Share your otp from double your money: Act immediately.,1
Your account is compromised! transfer money to avoid losing access to your account.,1
Alert: Transfer money. Please send payment to resolve this issue.,1
Double your money You need to tax department to claim your prize.,1
Guaranteed returns! Social Security number to avoid losing access to your account.,1
Alert: Tax department. Please keep this secret to resolve this issue.,1
Wire funds from Western Union: Act immediately.,1
Tax department: confirm your card number now to secure your funds.,1
Limited time: wire funds now to secure your funds.,1
Western union! Western Union to avoid losing access to your account.,1
Wire funds from final warning: Act immediately.,1
Cryptocurrency wallet from double your money: Act immediately. Join our service event this weekend!,1
Congratulations you won You need to your account is compromised to claim your prize.,1
Provide your password: share your OTP now to secure your funds.,1
Send payment from risk-free investment: Act immediately.,1
Tax department You need to your account is compromised to claim your prize.,1
Bank security team from your computer is hacked: Act immediately.,1
Congratulations you won! send payment to avoid losing access to your account.,1
Western union from Social Security number: Act immediately.,1
Share your otp You need to your account will be blocked to claim your prize.,1
Thanks for your purchase! Your receipt is attached for service. suspicious login detected,0
Final warning from suspicious login detected: Act immediately.,1
Cryptocurrency wallet: tech support from Microsoft now to secure your funds.,1
Join our Friday event this weekend! double your money,0
Alert: Limited time. Please keep this secret to resolve this issue.,1
Claim your prize You need to Western Union to claim your prize.,1
Provide your password! provide your password to avoid losing access to your account.,1
Verify identity here You need to transfer money to claim your prize.,1
Your computer is hacked from keep this secret: Act immediately.,1
Limited time! verify identity here to avoid losing access to your account.,1
Alert: Lottery. Please guaranteed returns to resolve this issue.,1
Urgent: bank account details now to secure your funds.,1
Verify identity here! risk-free investment to avoid losing access to your account.,1
Your computer is hacked! your account is compromised to avoid losing access to your account.,1
Final warning You need to act fast to claim your prize. Thanks for your purchase! Your receipt is attached for service.,1
Claim your prize! Western Union to avoid losing access to your account.,1
Risk-free investment from confirm your card number: Act immediately.,1
Double your money! final warning to avoid losing access to your account.,1
Congratulations you won: guaranteed returns now to secure your funds.,1
Suspicious login detected: your account will be blocked now to secure your funds.,1
Tech support from microsoft You need to double your money to claim your prize. Please confirm your subscription to Monday.,1
Limited time: act fast now to secure your funds.,1
Act fast You need to Social Security number to claim your prize. Please confirm your subscription to Monday.,1
Cryptocurrency wallet You need to your account is compromised to claim your prize.,1
Risk-free investment You need to final warning to claim your prize.,1
Alert: Your account is compromised. Please limited time to resolve this issue.,1
Please confirm your subscription to service. gift cards,0
Claim your prize! bank security team to avoid losing access to your account.,1
Suspicious login detected from verify identity here: Act immediately.,1
Alert: Limited time. Please double your money to resolve this issue. Thanks for your purchase! Your receipt is attached for Monday.,1
Send payment You need to risk-free investment to claim your prize.,1
Your account is compromised! guaranteed returns to avoid losing access to your account.,1
Guaranteed returns: act fast now to secure your funds.,1
Transfer money: Western Union now to secure your funds.,1
Final warning! bank security team to avoid losing access to your account.,1
Your order #Monday has shipped and will arrive by Monday. keep this secret,0
Western union: suspicious login detected now to secure your funds.,1
Tax department! gift cards to avoid losing access to your account.,1
Join our newsletter event this weekend! bank security team,0
Gift cards! keep this secret to avoid losing access to your account.,1
Provide your password You need to tax department to claim your prize.,1
Keep this secret You need to cryptocurrency wallet to claim your prize.,1
Alert: Social security number. Please tech support from Microsoft to resolve this issue.,1
Reminder: Your appointment is scheduled for newsletter. limited time,0
Transfer money from bank account details: Act immediately.,1
Your account will be blocked from final warning: Act immediately.,1
Congratulations you won: tax department now to secure your funds.,1
Cryptocurrency wallet from immediately: Act immediately.,1
Alert: Wire funds. Please your account will be blocked to resolve this issue.,1
Your order #service has shipped and will arrive by Monday. immediately,0
Western union from your account will be blocked: Act immediately.,1
Risk-free investment! transfer money to avoid losing access to your account. Please confirm your subscription to Monday.,1
Transfer money from Social Security number: Act immediately.,1
Social security number! tax department to avoid losing access to your account.,1
Alert: Tech support from microsoft. Please double your money to resolve this issue.,1
Please confirm your subscription to next week. bank account details,0
Alert: Western union. Please guaranteed returns to resolve this issue.,1
Tax department You need to limited time to claim your prize.,1
Please confirm your subscription to service. keep this secret,0
Tech support from microsoft You need to share your OTP to claim your prize.,1
Guaranteed returns You need to Social Security number to claim your prize.,1
Your account is compromised You need to Western Union to claim your prize.,1
Thanks for your purchase! Your receipt is attached for next week. transfer money,0
Confirm your card number You need to suspicious login detected to claim your prize.,1
Share your otp from wire funds: Act immediately.,1
Alert: Lottery. Please tech support from Microsoft to resolve this issue.,1
Alert: Cryptocurrency wallet. Please send payment to resolve this issue.,1
Send payment: share your OTP now to secure your funds.,1
Limited time You need to double your money to claim your prize. Thanks for your purchase! Your receipt is attached for Monday.,1
Wire funds You need to guaranteed returns to claim your prize.,1
Final warning: share your OTP now to secure your funds.,1
Your account is compromised from share your OTP: Act immediately. Thanks for your purchase! Your receipt is attached for service.,1
Confirm your card number from your computer is hacked: Act immediately.,1
Act fast! lottery to avoid losing access to your account. Thanks for your purchase! Your receipt is attached for Monday.,1
Act fast! lottery to avoid losing access to your account.,1
Join our newsletter event this weekend! final warning,0
Join our Friday event this weekend! provide your password,0
Tech support from microsoft: your computer is hacked now to secure your funds.,1
Send payment from immediately: Act immediately.,1
Suspicious login detected You need to final warning to claim your prize.,1
Tax department: bank security team now to secure your funds.,1
Guaranteed returns You need to your account will be blocked to claim your prize.,1
Your account is compromised from immediately: Act immediately.,1
Double your money! send payment to avoid losing access to your account.,1
Verify identity here! keep this secret to avoid losing access to your account.,1
Confirm your card number from limited time: Act immediately.,1
Limited time from tax department: Act immediately.,1
Send payment: wire funds now to secure your funds.,1
Claim your prize! keep this secret to avoid losing access to your account.,1
Alert: Lottery. Please your account is compromised to resolve this issue.,1
Your account will be blocked You need to confirm your card number to claim your prize. Reminder: Your appointment is scheduled for service.,1
Wire funds: double your money now to secure your funds.,1
Alert: Guaranteed returns. Please your account will be blocked to resolve this issue.,1
Social security number from Social Security number: Act immediately.,1
Alert: Western union. Please Social Security number to resolve this issue.,1
Keep this secret You need to keep this secret to claim your prize.,1
Alert: Cryptocurrency wallet. Please risk-free investment to resolve this issue.,1
Western union from suspicious login detected: Act immediately.,1
Your computer is hacked! Western Union to avoid losing access to your account.,1
Social security number! immediately to avoid losing access to your account.,1
Bank account details! verify identity here to avoid losing access to your account.,1
Double your money You need to urgent to claim your prize.,1
Western union! guaranteed returns to avoid losing access to your account.,1
Alert: Urgent. Please transfer money to resolve this issue.,1
Your computer is hacked! gift cards to avoid losing access to your account.,1
Social security number! congratulations you won to avoid losing access to your account.,1
Gift cards You need to immediately to claim your prize.,1
Double your money! immediately to avoid losing access to your account.,1
Provide your password from Western Union: Act immediately.,1
Alert: Tax department. Please tax department to resolve this issue.,1
Alert: Your account is compromised. Please immediately to resolve this issue.,1
Lottery! suspicious login detected to avoid losing access to your account.,1
Reminder: Your appointment is scheduled for Monday. tax department,0
Act fast You need to share your OTP to claim your prize.,1
Congratulations you won You need to tech support from Microsoft to claim your prize.,1
Western union: tech support from Microsoft now to secure your funds.,1
Wire funds from bank account details: Act immediately.,1
Double your money You need to lottery to claim your prize.,1
Share your otp: final warning now to secure your funds.,1
Send payment You need to immediately to claim your prize.,1
Transfer money You need to share your OTP to claim your prize. Please confirm your subscription to Monday.,1
Thanks for your purchase! Your receipt is attached for Friday. verify identity here,0
Alert: Limited time. Please cryptocurrency wallet to resolve this issue.,1
Send payment from act fast: Act immediately.,1
Immediately You need to your account is compromised to claim your prize.,1
Alert: Urgent. Please bank security team to resolve this issue.,1
Tech support from microsoft You need to bank security team to claim your prize.,1
Join our next week event this weekend! final warning,0
Cryptocurrency wallet You need to confirm your card number to claim your prize.,1
Act fast You need to Western Union to claim your prize.,1
Tech support from microsoft! your account is compromised to avoid losing access to your account.,1
Transfer money from provide your password: Act immediately.,1
Send payment You need to your account is compromised to claim your prize.,1
Double your money from tax department: Act immediately.,1
Final warning: tech support from Microsoft now to secure your funds.,1
Lottery You need to tax department to claim your prize.,1
Western union! immediately to avoid losing access to your account.,1
Claim your prize You need to bank account details to claim your prize.,1
Thanks for your purchase! Your receipt is attached for next week. wire funds,0
Social security number You need to wire funds to claim your prize. Thanks for your purchase! Your receipt is attached for Monday.,1
Guaranteed returns: tax department now to secure your funds.,1
Guaranteed returns from urgent: Act immediately.,1
Alert: Congratulations you won. Please bank security team to resolve this issue.,1
Urgent You need to tech support from Microsoft to claim your prize.,1
Bank security team You need to final warning to claim your prize.,1
Keep this secret You need to Western Union to claim your prize.,1
Social security number! transfer money to avoid losing access to your account.,1
Social security number: claim your prize now to secure your funds.,1
Reminder: Your appointment is scheduled for next week. congratulations you won,0
Alert: Act fast. Please immediately to resolve this issue.,1
Limited time from transfer money: Act immediately.,1
Alert: Act fast. Please your computer is hacked to resolve this issue.,1
Alert: Claim your prize. Please guaranteed returns to resolve this issue.,1
Your order #Monday has shipped and will arrive by Monday. immediately,0
Please confirm your subscription to Friday. Social Security number,0
Reminder: Your appointment is scheduled for Friday. double your money,0
Risk-free investment: confirm your card number now to secure your funds.,1
Risk-free investment: bank account details now to secure your funds.,1
Urgent! urgent to avoid losing access to your account. Reminder: Your appointment is scheduled for Monday.,1
Join our Monday event this weekend! gift cards,0
Alert: Final warning. Please claim your prize to resolve this issue.,1
Cryptocurrency wallet You need to guaranteed returns to claim your prize.,1
Alert: Provide your password. Please Western Union to resolve this issue.,1
Alert: Western union. Please Western Union to resolve this issue.,1
Western union: double your money now to secure your funds.,1
Alert: Bank account details. Please risk-free investment to resolve this issue. Reminder: Your appointment is scheduled for Monday.,1
Immediately You need to Social Security number to claim your prize. Reminder: Your appointment is scheduled for service.,1
Please confirm your subscription to newsletter. transfer money,0
Act fast: cryptocurrency wallet now to secure your funds.,1
Limited time You need to limited time to claim your prize.,1
Join our newsletter event this weekend! confirm your card number,0
Lottery from confirm your card number: Act immediately.,1
Alert: Lottery. Please Social Security number to resolve this issue. Please confirm your subscription to Monday.,1
Final warning! act fast to avoid losing access to your account.,1
Keep this secret: gift cards now to secure your funds. Reminder: Your appointment is scheduled for service.,1
Gift cards: provide your password now to secure your funds.,1
Limited time: keep this secret now to secure your funds.,1
Tech support from microsoft from send payment: Act immediately.,1
Your order #Friday has shipped and will arrive by Monday. claim your prize,0
Alert: Urgent. Please limited time to resolve this issue.,1
Thanks for your purchase! Your receipt is attached for service. limited time,0
Urgent! transfer money to avoid losing access to your account.,1
Your account will be blocked from tech support from Microsoft: Act immediately.,1
Wire funds: Western Union now to secure your funds.,1
Your computer is hacked from send payment: Act immediately. Please confirm your subscription to service.,1
Transfer money from suspicious login detected: Act immediately.,1
Suspicious login detected: urgent now to secure your funds.,1
Join our next week event this weekend! claim your prize,0
Alert: Bank account details. Please double your money to resolve this issue.,1
Western union! bank account details to avoid losing access to your account.,1
Provide your password: keep this secret now to secure your funds. Join our service event this weekend!,1
Alert: Gift cards. Please congratulations you won to resolve this issue.,1
Verify identity here! guaranteed returns to avoid losing access to your account.,1
Keep this secret: claim your prize now to secure your funds.,1
Limited time: tax department now to secure your funds.,1
Share your otp: Western Union now to secure your funds.,1
Bank account details! gift cards to avoid losing access to your account.,1
Alert: Congratulations you won. Please cryptocurrency wallet to resolve this issue.,1
Send payment You need to guaranteed returns to claim your prize.,1
Your account will be blocked: lottery now to secure your funds.,1
Act fast from your account is compromised: Act immediately.,1
Bank security team! final warning to avoid losing access to your account. Join our service event this weekend!,1
Urgent! provide your password to avoid losing access to your account. Please confirm your subscription to Monday.,1
Suspicious login detected: provide your password now to secure your funds.,1
Provide your password from provide your password: Act immediately.,1
Cryptocurrency wallet! gift cards to avoid losing access to your account.,1
Western union: bank security team now to secure your funds.,1
Bank security team! wire funds to avoid losing access to your account.,1
Keep this secret: immediately now to secure your funds.,1
Alert: Congratulations you won. Please wire funds to resolve this issue. Reminder: Your appointment is scheduled for service.,1
Risk-free investment from urgent: Act immediately.,1
Gift cards! send payment to avoid losing access to your account. Thanks for your purchase! Your receipt is attached for service.,1
Your account will be blocked: verify identity here now to secure your funds.,1
Your account is compromised You need to your computer is hacked to claim your prize.,1
Alert: Double your money. Please tech support from Microsoft to resolve this issue.,1
Alert: Provide your password. Please cryptocurrency wallet to resolve this issue.,1
Lottery You need to suspicious login detected to claim your prize.,1
Limited time! double your money to avoid losing access to your account.,1
Please confirm your subscription to Monday. transfer money,0
Join our Friday event this weekend! guaranteed returns,0
Your account is compromised from transfer money: Act immediately.,1
Confirm your card number! immediately to avoid losing access to your account.,1
Send payment! tech support from Microsoft to avoid losing access to your account.,1
Alert: Share your otp. Please risk-free investment to resolve this issue.,1
Verify identity here from act fast: Act immediately.,1
Send payment! provide your password to avoid losing access to your account.,1
Alert: Congratulations you won. Please Social Security number to resolve this issue. Thanks for your purchase! Your receipt is attached for service.,1
Your computer is hacked: Western Union now to secure your funds.,1
Congratulations you won You need to bank account details to claim your prize.,1
Alert: Tech support from microsoft. Please your account is compromised to resolve this issue.,1
Your computer is hacked You need to suspicious login detected to claim your prize.,1
Congratulations you won You need to share your OTP to claim your prize.,1
Provide your password! urgent to avoid losing access to your account.,1
Alert: Your computer is hacked. Please your account is compromised to resolve this issue.,1
Gift cards: verify identity here now to secure your funds.,1
Alert: Verify identity here. Please claim your prize to resolve this issue.,1
Social security number from transfer money: Act immediately.,1
Alert: Risk-free investment. Please final warning to resolve this issue.,1
Limited time from lottery: Act immediately.,1
Share your otp from send payment: Act immediately.,1
Alert: Cryptocurrency wallet. Please immediately to resolve this issue.,1
Alert: Congratulations you won. Please Western Union to resolve this issue.,1
Limited time: risk-free investment now to secure your funds.,1
Wire funds: wire funds now to secure your funds.,1
Western union! Social Security number to avoid losing access to your account.,1
Cryptocurrency wallet You need to gift cards to claim your prize.,1
Double your money from claim your prize: Act immediately. Please confirm your subscription to Monday.,1
Social security number from guaranteed returns: Act immediately.,1
Social security number from verify identity here: Act immediately.,1
Alert: Bank security team. Please send payment to resolve this issue.,1
Suspicious login detected: gift cards now to secure your funds. Thanks for your purchase! Your receipt is attached for service.,1
Claim your prize You need to claim your prize to claim your prize. Reminder: Your appointment is scheduled for service.,1
Transfer money: keep this secret now to secure your funds.,1
Limited time You need to your account will be blocked to claim your prize.,1
Provide your password from your account will be blocked: Act immediately.,1
Risk-free investment! immediately to avoid losing access to your account.,1
Thanks for your purchase! Your receipt is attached for service. provide your password,0
Cryptocurrency wallet! tax department to avoid losing access to your account.,1
Alert: Risk-free investment. Please bank account details to resolve this issue.,1
Reminder: Your appointment is scheduled for next week. share your OTP,0
Final warning: provide your password now to secure your funds.,1
Confirm your card number! limited time to avoid losing access to your account.,1
Social security number from bank security team: Act immediately.,1
Your account is compromised! lottery to avoid losing access to your account.,1
Wire funds You need to bank security team to claim your prize.,1
Gift cards: claim your prize now to secure your funds.,1
Double your money! share your OTP to avoid losing access to your account.,1
Transfer money You need to send payment to claim your prize.,1
Alert: Tech support from microsoft. Please confirm your card number to resolve this issue.,1
Limited time! Western Union to avoid losing access to your account. Thanks for your purchase! Your receipt is attached for service.,1
Claim your prize from wire funds: Act immediately.,1
Confirm your card number You need to limited time to claim your prize.,1
Tax department from Western Union: Act immediately.,1
Risk-free investment You need to share your OTP to claim your prize.,1
Social security number: guaranteed returns now to secure your funds.,1
Wire funds from bank security team: Act immediately.,1
Tax department You need to risk-free investment to claim your prize.,1
Alert: Bank security team. Please limited time to resolve this issue.,1
Gift cards: transfer money now to secure your funds.,1
Claim your prize You need to tax department to claim your prize.,1
Alert: Final warning. Please your account is compromised to resolve this issue.,1
Your account is compromised: your account is compromised now to secure your funds.,1
Immediately! tax department to avoid losing access to your account.,1
Limited time from your account is compromised: Act immediately.,1
Tax department! Western Union to avoid losing access to your account.,1
Confirm your card number from lottery: Act immediately.,1
Lottery! your account is compromised to avoid losing access to your account.,1
Alert: Your account will be blocked. Please lottery to resolve this issue.,1
Alert: Send payment. Please verify identity here to resolve this issue.,1
Social security number from lottery: Act immediately.,1
Alert: Western union. Please final warning to resolve this issue.,1
Bank security team! Western Union to avoid losing access to your account. Join our service event this weekend!,1
Keep this secret! Social Security number to avoid losing access to your account.,1
Transfer money You need to confirm your card number to claim your prize. Join our Monday event this weekend!,1
Lottery from immediately: Act immediately.,1
Share your otp: act fast now to secure your funds.,1
Cryptocurrency wallet from bank security team: Act immediately.,1
Suspicious login detected: double your money now to secure your funds.,1
Immediately: suspicious login detected now to secure your funds. Join our Monday event this weekend!,1
Western union You need to tech support from Microsoft to claim your prize.,1
Your order #service has shipped and will arrive by Monday. share your OTP,0
Alert: Immediately. Please immediately to resolve this issue.,1
Keep this secret! your account is compromised to avoid losing access to your account.,1
Western union! double your money to avoid losing access to your account.,1
Risk-free investment! claim your prize to avoid losing access to your account. Join our Monday event this weekend!,1
Immediately: send payment now to secure your funds. Thanks for your purchase! Your receipt is attached for service.,1
Alert: Final warning. Please verify identity here to resolve this issue.,1
Social security number You need to provide your password to claim your prize.,1
Keep this secret You need to provide your password to claim your prize.,1
Send payment! congratulations you won to avoid losing access to your account.,1
Wire funds You need to your account is compromised to claim your prize.,1
Your computer is hacked! lottery to avoid losing access to your account.,1
Tax department: tech support from Microsoft now to secure your funds.,1
Alert: Keep this secret. Please act fast to resolve this issue.,1
Risk-free investment You need to bank security team to claim your prize. Reminder: Your appointment is scheduled for Monday.,1
Alert: Provide your password. Please send payment to resolve this issue.,1
Bank security team from act fast: Act immediately.,1
Cryptocurrency wallet! cryptocurrency wallet to avoid losing access to your account.,1
Claim your prize You need to share your OTP to claim your prize.,1
Transfer money! limited time to avoid losing access to your account.,1
Alert: Act fast. Please tax department to resolve this issue.,1
Alert: Provide your password. Please your account will be blocked to resolve this issue.,1
Tech support from microsoft You need to cryptocurrency wallet to claim your prize.,1
Alert: Social security number. Please risk-free investment to resolve this issue.,1
Western union You need to cryptocurrency wallet to claim your prize.,1
Cryptocurrency wallet from Social Security number: Act immediately. Thanks for your purchase! Your receipt is attached for Monday.,1
Share your otp You need to your account is compromised to claim your prize.,1
Thanks for your purchase! Your receipt is attached for next week. confirm your card number,0
Suspicious login detected! cryptocurrency wallet to avoid losing access to your account.,1
Join our next week event this weekend! transfer money,0
Limited time from risk-free investment: Act immediately.,1
Keep this secret: Western Union now to secure your funds.,1
Keep this secret You need to lottery to claim your prize.,1
Bank account details You need to cryptocurrency wallet to claim your prize.,1
Alert: Keep this secret. Please wire funds to resolve this issue.,1
Thanks for your purchase! Your receipt is attached for Friday. act fast,0
Bank security team from your account will be blocked: Act immediately. Reminder: Your appointment is scheduled for Monday.,1
Limited time from your account will be blocked: Act immediately.,1
Risk-free investment from suspicious login detected: Act immediately.,1
Risk-free investment You need to bank security team to claim your prize.,1
Double your money! lottery to avoid losing access to your account.,1
Your account is compromised: your account will be blocked now to secure your funds. Your order #Monday has shipped and will arrive by Monday.,1
Alert: Final warning. Please wire funds to resolve this issue.,1
Act fast! cryptocurrency wallet to avoid losing access to your account.,1
Join our Monday event this weekend! act fast,0
Alert: Tax department. Please provide your password to resolve this issue. Your order #Monday has shipped and will arrive by Monday.,1
Your account is compromised from bank security team: Act immediately. Please confirm your subscription to service.,1
Social security number: bank security team now to secure your funds.,1
Social security number! suspicious login detected to avoid losing access to your account.,1
Cryptocurrency wallet: guaranteed returns now to secure your funds.,1
Join our service event this weekend! immediately,0
Share your otp! verify identity here to avoid losing access to your account.,1
Alert: Keep this secret. Please claim your prize to resolve this issue.,1
Risk-free investment! claim your prize to avoid losing access to your account.,1
Join our next week event this weekend! Western Union,0
Limited time! your account is compromised to avoid losing access to your account.,1
Verify identity here You need to cryptocurrency wallet to claim your prize. Join our service event this weekend!,1
Final warning from bank account details: Act immediately.,1
Please confirm your subscription to service. guaranteed returns,0
Alert: Share your otp. Please verify identity here to resolve this issue.,1
Limited time! claim your prize to avoid losing access to your account.,1
Final warning from wire funds: Act immediately.,1
Share your otp! your account is compromised to avoid losing access to your account.,1
Confirm your card number: risk-free investment now to secure your funds.,1
Wire funds You need to your account will be blocked to claim your prize.,1
Keep this secret! verify identity here to avoid losing access to your account.,1
Verify identity here You need to immediately to claim your prize.,1
Your order #next week has shipped and will arrive by Monday. transfer money,0
Tech support from microsoft: gift cards now to secure your funds.,1
Limited time: double your money now to secure your funds. Reminder: Your appointment is scheduled for Monday.,1
Tech support from microsoft from limited time: Act immediately.,1
Tax department: confirm your card number now to secure your funds. Join our service event this weekend!,1
Alert: Claim your prize. Please tech support from Microsoft to resolve this issue.,1
Double your money from verify identity here: Act immediately.,1
Social security number! your account is compromised to avoid losing access to your account.,1
Urgent You need to share your OTP to claim your prize.,1
Share your otp! cryptocurrency wallet to avoid losing access to your account.,1
Alert: Share your otp. Please your account is compromised to resolve this issue.,1
Please confirm your subscription to Friday. guaranteed returns,0
Bank account details! send payment to avoid losing access to your account.,1
Urgent from Western Union: Act immediately.,1
Alert: Social security number. Please confirm your card number to resolve this issue.,1
Limited time from act fast: Act immediately. Please confirm your subscription to Monday.,1
Alert: Your account will be blocked. Please your account is compromised to resolve this issue.,1
Double your money You need to cryptocurrency wallet to claim your prize.,1
Join our Monday event this weekend! send payment,0
Limited time from share your OTP: Act immediately.,1
Keep this secret: risk-free investment now to secure your funds.,1
Share your otp: wire funds now to secure your funds.,1
Guaranteed returns You need to risk-free investment to claim your prize. Reminder: Your appointment is scheduled for service.,1
Limited time from final warning: Act immediately.,1
Verify identity here! suspicious login detected to avoid losing access to your account.,1
Bank security team You need to double your money to claim your prize.,1
Wire funds: risk-free investment now to secure your funds.,1
Risk-free investment: tech support from Microsoft now to secure your funds.,1
Tax department! wire funds to avoid losing access to your account.,1
Cryptocurrency wallet from limited time: Act immediately.,1
Provide your password from tech support from Microsoft: Act immediately.,1
Alert: Tech support from microsoft. Please final warning to resolve this issue.,1
Act fast: suspicious login detected now to secure your funds.,1
Send payment: your account is compromised now to secure your funds. Your order #service has shipped and will arrive by Monday.,1
Tech support from microsoft You need to verify identity here to claim your prize.,1
Alert: Double your money. Please Western Union to resolve this issue. Join our service event this weekend!,1
Alert: Guaranteed returns. Please double your money to resolve this issue. Join our service event this weekend!,1
Alert: Double your money. Please share your OTP to resolve this issue.,1
Bank account details You need to tech support from Microsoft to claim your prize.,1
Alert: Congratulations you won. Please congratulations you won to resolve this issue.,1
Urgent from final warning: Act immediately.,1
Your computer is hacked! confirm your card number to avoid losing access to your account.,1
Verify identity here! your account will be blocked to avoid losing access to your account.,1
Final warning You need to verify identity here to claim your prize.,1
Please confirm your subscription to next week. wire funds,0
Western union from gift cards: Act immediately.,1
Limited time: double your money now to secure your funds.,1
Tax department: cryptocurrency wallet now to secure your funds.,1
Your account is compromised! your account will be blocked to avoid losing access to your account.,1
Bank account details! wire funds to avoid losing access to your account.,1
Alert: Confirm your card number. Please your account will be blocked to resolve this issue. Reminder: Your appointment is scheduled for Monday.,1
Verify identity here: act fast now to secure your funds.,1
Share your otp: confirm your card number now to secure your funds.,1
Send payment You need to final warning to claim your prize.,1
Share your otp: cryptocurrency wallet now to secure your funds.,1
Transfer money! keep this secret to avoid losing access to your account. Please confirm your subscription to service.,1
Western union You need to lottery to claim your prize.,1
Limited time You need to keep this secret to claim your prize.,1
Risk-free investment: claim your prize now to secure your funds.,1
Your account will be blocked! Western Union to avoid losing access to your account.,1
Urgent! suspicious login detected to avoid losing access to your account.,1
Immediately You need to double your money to claim your prize. Thanks for your purchase! Your receipt is attached for Monday.,1
Reminder: Your appointment is scheduled for newsletter. risk-free investment,0
Your order #service has shipped and will arrive by Monday. bank account details,0
Wire funds: urgent now to secure your funds.,1
Immediately You need to act fast to claim your prize.,1
Suspicious login detected: suspicious login detected now to secure your funds.,1
Social security number You need to act fast to claim your prize.,1
Cryptocurrency wallet from urgent: Act immediately.,1
Alert: Keep this secret. Please tech support from Microsoft to resolve this issue.,1
Thanks for your purchase! Your receipt is attached for Monday. your account will be blocked,0
Send payment: final warning now to secure your funds.,1
Lottery! limited time to avoid losing access to your account.,1
Alert: Immediately. Please cryptocurrency wallet to resolve this issue. Join our service event this weekend!,1
Guaranteed returns: limited time now to secure your funds. Join our service event this weekend!,1
Lottery You need to act fast to claim your prize.,1
Social security number: cryptocurrency wallet now to secure your funds.,1
Bank account details! bank account details to avoid losing access to your account.,1
Verify identity here! send payment to avoid losing access to your account.,1
Alert: Wire funds. Please guaranteed returns to resolve this issue. Please confirm your subscription to service.,1
Suspicious login detected! tax department to avoid losing access to your account.,1
Alert: Transfer money. Please your computer is hacked to resolve this issue.,1
Please confirm your subscription to Friday. confirm your card number,0
Double your money: keep this secret now to secure your funds.,1
Congratulations you won: your computer is hacked now to secure your funds.,1
Western union: share your OTP now to secure your funds.,1
Provide your password: provide your password now to secure your funds.,1
Wire funds! share your OTP to avoid losing access to your account.,1
Alert: Bank account details. Please cryptocurrency wallet to resolve this issue. Reminder: Your appointment is scheduled for Monday.,1
Claim your prize: wire funds now to secure your funds.,1
Your account will be blocked! suspicious login detected to avoid losing access to your account.,1
Join our next week event this weekend! your account is compromised,0
Guaranteed returns! verify identity here to avoid losing access to your account.,1
Alert: Tech support from microsoft. Please bank security team to resolve this issue.,1
Alert: Western union. Please urgent to resolve this issue.,1
Verify identity here You need to keep this secret to claim your prize.,1
Suspicious login detected You need to verify identity here to claim your prize.,1
Reminder: Your appointment is scheduled for service. congratulations you won,0
Social security number from urgent: Act immediately.,1
Alert: Send payment. Please cryptocurrency wallet to resolve this issue. Your order #service has shipped and will arrive by Monday.,1
Claim your prize: Western Union now to secure your funds.,1
Alert: Tech support from microsoft. Please your account will be blocked to resolve this issue.,1
Alert: Act fast. Please guaranteed returns to resolve this issue.,1
Reminder: Your appointment is scheduled for service. Social Security number,0
Alert: Tech support from microsoft. Please suspicious login detected to resolve this issue.,1
Final warning: Western Union now to secure your funds.,1
Your account will be blocked You need to guaranteed returns to claim your prize. Join our service event this weekend!,1
Your account is compromised from share your OTP: Act immediately.,1
Double your money: tax department now to secure your funds. Your order #service has shipped and will arrive by Monday.,1
Your account will be blocked You need to your account will be blocked to claim your prize.,1
Cryptocurrency wallet You need to Western Union to claim your prize.,1
Bank security team from verify identity here: Act immediately.,1
Alert: Double your money. Please Western Union to resolve this issue.,1
Provide your password: risk-free investment now to secure your funds.,1
Your account is compromised You need to claim your prize to claim your prize.,1
Share your otp from gift cards: Act immediately.,1
Risk-free investment from your account will be blocked: Act immediately. Please confirm your subscription to Monday.,1
Bank security team You need to cryptocurrency wallet to claim your prize.,1
Provide your password from congratulations you won: Act immediately.,1
Bank account details You need to share your OTP to claim your prize.,1
Alert: Your computer is hacked. Please tax department to resolve this issue.,1
Reminder: Your appointment is scheduled for Friday. tech support from Microsoft,0
Please confirm your subscription to next week. your account will be blocked,0
Reminder: Your appointment is scheduled for Friday. gift cards,0
Please confirm your subscription to Friday. send payment,0
Alert: Bank security team. Please immediately to resolve this issue.,1
Lottery You need to cryptocurrency wallet to claim your prize.,1
Alert: Western union. Please confirm your card number to resolve this issue.,1
Alert: Your computer is hacked. Please limited time to resolve this issue. Please confirm your subscription to service.,1
Bank account details! limited time to avoid losing access to your account. Reminder: Your appointment is scheduled for Monday.,1
Alert: Send payment. Please bank security team to resolve this issue.,1
Provide your password from keep this secret: Act immediately.,1
Alert: Transfer money. Please transfer money to resolve this issue.,1
Guaranteed returns: your computer is hacked now to secure your funds.,1
Alert: Social security number. Please Western Union to resolve this issue.,1
Alert: Your account will be blocked. Please immediately to resolve this issue.,1
Guaranteed returns: congratulations you won now to secure your funds.,1
Western union You need to your account is compromised to claim your prize.,1
Alert: Immediately. Please tech support from Microsoft to resolve this issue.,1
Risk-free investment from congratulations you won: Act immediately.,1
Provide your password You need to immediately to claim your prize.,1
Your account is compromised: your account will be blocked now to secure your funds.,1
Double your money from limited time: Act immediately.,1
Join our service event this weekend! send payment,0
Alert: Share your otp. Please bank security team to resolve this issue.,1
Alert: Double your money. Please gift cards to resolve this issue.,1
Your account will be blocked! double your money to avoid losing access to your account.,1
Social security number: tax department now to secure your funds.,1
Alert: Guaranteed returns. Please cryptocurrency wallet to resolve this issue.,1
Alert: Wire funds. Please confirm your card number to resolve this issue.,1
Verify identity here: claim your prize now to secure your funds.,1
Your account will be blocked from provide your password: Act immediately.,1
Bank account details from bank security team: Act immediately.,1
Double your money from confirm your card number: Act immediately. Thanks for your purchase! Your receipt is attached for Monday.,1
Your computer is hacked! provide your password to avoid losing access to your account.,1
Alert: Confirm your card number. Please guaranteed returns to resolve this issue.,1
Alert: Your account will be blocked. Please send payment to resolve this issue.,1
Act fast: wire funds now to secure your funds.,1
Double your money You need to your computer is hacked to claim your prize.,1
Alert: Gift cards. Please verify identity here to resolve this issue.,1
Please confirm your subscription to Friday. bank account details,0
Alert: Western union. Please wire funds to resolve this issue.,1
Your account is compromised: claim your prize now to secure your funds.,1
Please confirm your subscription to newsletter. send payment,0
Bank account details: keep this secret now to secure your funds.,1
Social security number You need to immediately to claim your prize.,1
Share your otp: your account will be blocked now to secure your funds.,1
Immediately! urgent to avoid losing access to your account.,1
Alert: Double your money. Please transfer money to resolve this issue.,1
Double your money: your account is compromised now to secure your funds.,1
Alert: Send payment. Please provide your password to resolve this issue.,1
Act fast: act fast now to secure your funds.,1
Confirm your card number from transfer money: Act immediately.,1
Provide your password! Social Security number to avoid losing access to your account.,1
Join our next week event this weekend! limited time,0
Alert: Your account is compromised. Please transfer money to resolve this issue.,1
Your account will be blocked from share your OTP: Act immediately.,1
Act fast! suspicious login detected to avoid losing access to your account.,1
Send payment You need to Western Union to claim your prize.,1
Confirm your card number from provide your password: Act immediately.,1
Your computer is hacked from claim your prize: Act immediately.,1
Final warning from your account is compromised: Act immediately.,1
Join our newsletter event this weekend! immediately,0
Alert: Immediately. Please provide your password to resolve this issue. Reminder: Your appointment is scheduled for service.,1
Claim your prize: claim your prize now to secure your funds.,1
Send payment You need to transfer money to claim your prize.,1
Bank security team You need to congratulations you won to claim your prize.,1
Bank account details: claim your prize now to secure your funds.,1
Guaranteed returns You need to immediately to claim your prize.,1
Claim your prize: bank security team now to secure your funds.,1
Gift cards You need to your computer is hacked to claim your prize.,1
Confirm your card number: Western Union now to secure your funds.,1
Alert: Double your money. Please confirm your card number to resolve this issue.,1
Gift cards! limited time to avoid losing access to your account. Reminder: Your appointment is scheduled for Monday.,1
Alert: Risk-free investment. Please tech support from Microsoft to resolve this issue.,1
Your account is compromised! confirm your card number to avoid losing access to your account.,1
Suspicious login detected from guaranteed returns: Act immediately.,1
Alert: Double your money. Please wire funds to resolve this issue.,1
Alert: Bank account details. Please share your OTP to resolve this issue.,1
Final warning! act fast to avoid losing access to your account. Please confirm your subscription to Monday.,1
Alert: Share your otp. Please tax department to resolve this issue.,1
Final warning: final warning now to secure your funds.,1
Tax department from bank account details: Act immediately.,1
Alert: Claim your prize. Please your account will be blocked to resolve this issue.,1
Alert: Double your money. Please bank account details to resolve this issue.,1
Congratulations you won: act fast now to secure your funds. Please confirm your subscription to service.,1
Bank security team You need to send payment to claim your prize.,1
Alert: Bank account details. Please limited time to resolve this issue.,1
Send payment from share your OTP: Act immediately.,1
Alert: Your account will be blocked. Please claim your prize to resolve this issue.,1
Confirm your card number! transfer money to avoid losing access to your account.,1
Tax department from gift cards: Act immediately.,1
Alert: Guaranteed returns. Please your computer is hacked to resolve this issue.,1
Immediately: lottery now to secure your funds.,1
Your account is compromised: congratulations you won now to secure your funds.,1
Join our newsletter event this weekend! Western Union,0
Tech support from microsoft You need to bank account details to claim your prize.,1
Immediately from final warning: Act immediately.,1
Immediately! share your OTP to avoid losing access to your account.,1
Bank security team! bank account details to avoid losing access to your account.,1
Alert: Share your otp. Please confirm your card number to resolve this issue. Your order #Monday has shipped and will arrive by Monday.,1
Immediately You need to send payment to claim your prize.,1
Verify identity here: send payment now to secure your funds.,1
Confirm your card number: your computer is hacked now to secure your funds.,1
Your computer is hacked from your computer is hacked: Act immediately.,1
Bank security team from bank security team: Act immediately.,1
Tech support from microsoft! act fast to avoid losing access to your account.,1
Alert: Social security number. Please verify identity here to resolve this issue.,1
Congratulations you won: keep this secret now to secure your funds.,1
Wire funds from send payment: Act immediately.,1
Double your money! limited time to avoid losing access to your account.,1
Wire funds! your computer is hacked to avoid losing access to your account.,1
Reminder: Your appointment is scheduled for service. your account will be blocked,0
Thanks for your purchase! Your receipt is attached for Monday. tax department,0
Alert: Cryptocurrency wallet. Please tech support from Microsoft to resolve this issue.,1
Wire funds You need to suspicious login detected to claim your prize. Please confirm your subscription to Monday.,1
Your computer is hacked You need to keep this secret to claim your prize.,1
Claim your prize! gift cards to avoid losing access to your account.,1
Send payment! bank account details to avoid losing access to your account.,1
Claim your prize: Social Security number now to secure your funds.,1
Alert: Gift cards. Please final warning to resolve this issue.,1
Send payment You need to tech support from Microsoft to claim your prize. Your order #service has shipped and will arrive by Monday.,1
Join our service event this weekend! risk-free investment,0
Alert: Lottery. Please Western Union to resolve this issue.,1
Alert: Verify identity here. Please verify identity here to resolve this issue.,1
Immediately: limited time now to secure your funds.,1
Your account is compromised! provide your password to avoid losing access to your account.,1
Alert: Keep this secret. Please immediately to resolve this issue.,1
Alert: Provide your password. Please lottery to resolve this issue.,1
Lottery from send payment: Act immediately.,1
Tax department from tech support from Microsoft: Act immediately.,1
Risk-free investment! verify identity here to avoid losing access to your account.,1
Tech support from microsoft: wire funds now to secure your funds.,1
Tech support from microsoft You need to gift cards to claim your prize.,1
Alert: Confirm your card number. Please confirm your card number to resolve this issue.,1
Tech support from microsoft! share your OTP to avoid losing access to your account.,1
Wire funds! act fast to avoid losing access to your account.,1
Urgent You need to limited time to claim your prize.,1
Tax department You need to tax department to claim your prize.,1
Act fast! double your money to avoid losing access to your account.,1
Western union You need to claim your prize to claim your prize.,1
Your account is compromised You need to your account is compromised to claim your prize. Reminder: Your appointment is scheduled for Monday.,1
Congratulations you won You need to congratulations you won to claim your prize.,1
Reminder: Your appointment is scheduled for Friday. your account will be blocked,0
Immediately from guaranteed returns: Act immediately.,1
Join our Monday event this weekend! cryptocurrency wallet,0
Alert: Western union. Please immediately to resolve this issue.,1
Claim your prize from transfer money: Act immediately. Thanks for your purchase! Your receipt is attached for Monday.,1
Tech support from microsoft: suspicious login detected now to secure your funds.,1
Thanks for your purchase! Your receipt is attached for Monday. risk-free investment,0
Alert: Immediately. Please verify identity here to resolve this issue.,1
Risk-free investment: your account will be blocked now to secure your funds. Join our Monday event this weekend!,1
Limited time: transfer money now to secure your funds.,1
Reminder: Your appointment is scheduled for newsletter. suspicious login detected,0
Tech support from microsoft You need to wire funds to claim your prize.,1
Send payment from Social Security number: Act immediately. Thanks for your purchase! Your receipt is attached for service.,1
Alert: Keep this secret. Please your computer is hacked to resolve this issue.,1
Congratulations you won! limited time to avoid losing access to your account.,1
Claim your prize: urgent now to secure your funds.,1
Bank account details You need to congratulations you won to claim your prize.,1
Wire funds: tech support from Microsoft now to secure your funds.,1
Western union You need to your computer is hacked to claim your prize.,1
Social security number: lottery now to secure your funds.,1
Join our newsletter event this weekend! limited time,0
Thanks for your purchase! Your receipt is attached for next week. act fast,0
Verify identity here You need to risk-free investment to claim your prize.,1
Your account will be blocked! your account will be blocked to avoid losing access to your account.,1
Urgent from share your OTP: Act immediately.,1
Suspicious login detected from cryptocurrency wallet: Act immediately.,1
Bank account details You need to confirm your card number to claim your prize.,1
Alert: Gift cards. Please urgent to resolve this issue.,1
Thanks for your purchase! Your receipt is attached for service. lottery,0
Cryptocurrency wallet! transfer money to avoid losing access to your account.,1
Limited time You need to provide your password to claim your prize.,1
Tech support from microsoft from tech support from Microsoft: Act immediately.,1
Limited time You need to lottery to claim your prize.,1
Lottery! share your OTP to avoid losing access to your account.,1
Alert: Final warning. Please limited time to resolve this issue.,1
Provide your password! guaranteed returns to avoid losing access to your account. Join our Monday event this weekend!,1
Bank account details from transfer money: Act immediately.,1
Bank security team from your account will be blocked: Act immediately.,1
Guaranteed returns You need to congratulations you won to claim your prize.,1
Suspicious login detected from your computer is hacked: Act immediately.,1
Social security number: send payment now to secure your funds.,1
Your account will be blocked: cryptocurrency wallet now to secure your funds.,1
Lottery from bank security team: Act immediately.,1
Wire funds from verify identity here: Act immediately.,1
Reminder: Your appointment is scheduled for Monday. congratulations you won,0
Alert: Suspicious login detected. Please your account will be blocked to resolve this issue.,1
Your order #newsletter has shipped and will arrive by Monday. bank security team,0
Risk-free investment from Western Union: Act immediately.,1
Alert: Transfer money. Please bank security team to resolve this issue. Reminder: Your appointment is scheduled for service.,1
Your computer is hacked: gift cards now to secure your funds.,1
Wire funds: suspicious login detected now to secure your funds.,1
Suspicious login detected You need to share your OTP to claim your prize.,1
Keep this secret: gift cards now to secure your funds.,1
Alert: Bank account details. Please immediately to resolve this issue.,1
Alert: Send payment. Please wire funds to resolve this issue.,1
Alert: Your account will be blocked. Please provide your password to resolve this issue.,1
Act fast! immediately to avoid losing access to your account.,1
Alert: Your account is compromised. Please guaranteed returns to resolve this issue.,1
Provide your password from Western Union: Act immediately. Thanks for your purchase! Your receipt is attached for service.,1
Cryptocurrency wallet You need to transfer money to claim your prize.,1
Double your money: claim your prize now to secure your funds.,1
Provide your password! send payment to avoid losing access to your account.,1
Cryptocurrency wallet! provide your password to avoid losing access to your account. Please confirm your subscription to service.,1
Alert: Risk-free investment. Please Social Security number to resolve this issue.,1
Final warning! share your OTP to avoid losing access to your account.,1
Gift cards from provide your password: Act immediately.,1
Alert: Wire funds. Please share your OTP to resolve this issue.,1
Social security number: double your money now to secure your funds.,1
Double your money You need to claim your prize to claim your prize.,1
Join our Friday event this weekend! verify identity here,0
Transfer money: your account will be blocked now to secure your funds.,1
Keep this secret: suspicious login detected now to secure your funds.,1
Bank security team! transfer money to avoid losing access to your account.,1
Verify identity here: double your money now to secure your funds.,1
Your order #newsletter has shipped and will arrive by Monday. bank account details,0
Join our Friday event this weekend! risk-free investment,0
Your account is compromised You need to cryptocurrency wallet to claim your prize.,1
Final warning! gift cards to avoid losing access to your account.,1
Claim your prize: risk-free investment now to secure your funds. Thanks for your purchase! Your receipt is attached for service.,1
Wire funds! bank security team to avoid losing access to your account.,1
Risk-free investment from send payment: Act immediately.,1
Double your money! verify identity here to avoid losing access to your account.,1
Tech support from microsoft! keep this secret to avoid losing access to your account.,1
Alert: Verify identity here. Please Social Security number to resolve this issue.,1
Final warning You need to tax department to claim your prize.,1
Cryptocurrency wallet You need to Social Security number to claim your prize.,1
Congratulations you won! confirm your card number to avoid losing access to your account.,1
Alert: Congratulations you won. Please double your money to resolve this issue.,1
Guaranteed returns You need to double your money to claim your prize.,1
Limited time! act fast to avoid losing access to your account.,1
Bank security team! tech support from Microsoft to avoid losing access to your account.,1
Share your otp from bank security team: Act immediately.,1
Risk-free investment: bank security team now to secure your funds.,1
Final warning! your computer is hacked to avoid losing access to your account.,1
Your account is compromised: wire funds now to secure your funds.,1
Urgent from suspicious login detected: Act immediately. Reminder: Your appointment is scheduled for service.,1
Final warning! guaranteed returns to avoid losing access to your account.,1
Urgent You need to tax department to claim your prize.,1
Cryptocurrency wallet! provide your password to avoid losing access to your account.,1
Claim your prize! final warning to avoid losing access to your account.,1
Cryptocurrency wallet! final warning to avoid losing access to your account.,1
Alert: Bank account details. Please cryptocurrency wallet to resolve this issue.,1
Cryptocurrency wallet from provide your password: Act immediately.,1
Cryptocurrency wallet! final warning to avoid losing access to your account. Please confirm your subscription to Monday.,1
Tech support from microsoft You need to keep this secret to claim your prize.,1
Lottery: your computer is hacked now to secure your funds.,1
Cryptocurrency wallet! suspicious login detected to avoid losing access to your account.,1
Act fast! transfer money to avoid losing access to your account.,1
Confirm your card number! confirm your card number to avoid losing access to your account.,1
Cryptocurrency wallet You need to tax department to claim your prize.,1
Alert: Bank security team. Please lottery to resolve this issue.,1
Gift cards! verify identity here to avoid losing access to your account. Thanks for your purchase! Your receipt is attached for service.,1
Confirm your card number You need to claim your prize to claim your prize.,1
Your account will be blocked from cryptocurrency wallet: Act immediately.,1
Your account is compromised! your account is compromised to avoid losing access to your account.,1
Final warning: limited time now to secure your funds.,1
Confirm your card number You need to your account is compromised to claim your prize.,1
Alert: Limited time. Please your account is compromised to resolve this issue.,1
Double your money from your account is compromised: Act immediately. Thanks for your purchase! Your receipt is attached for Monday.,1
Thanks for your purchase! Your receipt is attached for service. congratulations you won,0
Suspicious login detected: tax department now to secure your funds. Join our Monday event this weekend!,1
Alert: Cryptocurrency wallet. Please bank account details to resolve this issue.,1
Tech support from microsoft You need to your account will be blocked to claim your prize.,1
Your account is compromised You need to congratulations you won to claim your prize.,1
Alert: Provide your password. Please wire funds to resolve this issue.,1
Alert: Gift cards. Please guaranteed returns to resolve this issue.,1
Send payment! claim your prize to avoid losing access to your account. Thanks for your purchase! Your receipt is attached for service.,1
Act fast You need to act fast to claim your prize.,1
Cryptocurrency wallet: risk-free investment now to secure your funds.,1
Transfer money You need to your account is compromised to claim your prize.,1
Reminder: Your appointment is scheduled for newsletter. double your money,0
Alert: Provide your password. Please gift cards to resolve this issue.,1
Keep this secret: share your OTP now to secure your funds.,1
Alert: Final warning. Please keep this secret to resolve this issue.,1
Western union from double your money: Act immediately.,1
Alert: Risk-free investment. Please verify identity here to resolve this issue.,1
Lottery from limited time: Act immediately.,1
Western union: confirm your card number now to secure your funds.,1
Cryptocurrency wallet You need to keep this secret to claim your prize. Thanks for your purchase! Your receipt is attached for service.,1
Tax department! cryptocurrency wallet to avoid losing access to your account.,1
Alert: Guaranteed returns. Please congratulations you won to resolve this issue.,1
Final warning! risk-free investment to avoid losing access to your account.,1
Immediately! final warning to avoid losing access to your account.,1
Share your otp You need to act fast to claim your prize.,1
Thanks for your purchase! Your receipt is attached for service. guaranteed returns,0
Send payment! risk-free investment to avoid losing access to your account.,1
Alert: Guaranteed returns. Please keep this secret to resolve this issue.,1
Social security number from transfer money: Act immediately. Please confirm your subscription to Monday.,1
Immediately You need to cryptocurrency wallet to claim your prize.,1
Keep this secret from your account will be blocked: Act immediately.,1
Suspicious login detected from act fast: Act immediately.,1
Alert: Confirm your card number. Please congratulations you won to resolve this issue.,1
Reminder: Your appointment is scheduled for next week. claim your prize,0
Verify identity here from Western Union: Act immediately.,1
Final warning: bank account details now to secure your funds.,1
Alert: Western union. Please your computer is hacked to resolve this issue.,1
Guaranteed returns from your account will be blocked: Act immediately.,1
Alert: Your account is compromised. Please verify identity here to resolve this issue.,1
Alert: Act fast. Please suspicious login detected to resolve this issue.,1
Gift cards You need to limited time to claim your prize.,1
Your order #Friday has shipped and will arrive by Monday. wire funds,0
Tech support from microsoft from Western Union: Act immediately.,1
Limited time You need to final warning to claim your prize.,1
Tax department You need to Western Union to claim your prize. Thanks for your purchase! Your receipt is attached for Monday.,1
Alert: Your account is compromised. Please provide your password to resolve this issue. Thanks for your purchase! Your receipt is attached for service.,1
Guaranteed returns from keep this secret: Act immediately.,1
Gift cards! tax department to avoid losing access to your account.,1
Provide your password You need to double your money to claim your prize.,1
Western union You need to keep this secret to claim your prize.,1
Limited time: verify identity here now to secure your funds.,1
Act fast You need to confirm your card number to claim your prize.,1
Alert: Keep this secret. Please tax department to resolve this issue. Reminder: Your appointment is scheduled for Monday.,1
Claim your prize! send payment to avoid losing access to your account.,1
Verify identity here You need to tax department to claim your prize.,1
Alert: Claim your prize. Please final warning to resolve this issue.,1
Thanks for your purchase! Your receipt is attached for Monday. lottery,0
Confirm your card number You need to risk-free investment to claim your prize.,1
Final warning from immediately: Act immediately. Reminder: Your appointment is scheduled for service.,1
Suspicious login detected You need to your computer is hacked to claim your prize.,1
Risk-free investment from lottery: Act immediately.,1
Alert: Tax department. Please double your money to resolve this issue.,1
Alert: Wire funds. Please claim your prize to resolve this issue.,1
Alert: Suspicious login detected. Please immediately to resolve this issue.,1
Cryptocurrency wallet from cryptocurrency wallet: Act immediately.,1
Provide your password from urgent: Act immediately.,1
Your computer is hacked from tax department: Act immediately.,1
Share your otp: risk-free investment now to secure your funds.,1
Share your otp You need to guaranteed returns to claim your prize. Thanks for your purchase! Your receipt is attached for service.,1
Share your otp: your account is compromised now to secure your funds.,1
Guaranteed returns You need to provide your password to claim your prize.,1
Wire funds You need to suspicious login detected to claim your prize.,1
Alert: Tax department. Please lottery to resolve this issue.,1
Reminder: Your appointment is scheduled for Friday. claim your prize,0
Suspicious login detected from send payment: Act immediately.,1
Confirm your card number! act fast to avoid losing access to your account.,1
Wire funds! your account is compromised to avoid losing access to your account.,1
